{
  "img_size": 1024,
  "mobile_size": 768,
  "mean": [
    0.48500001430511475,
    0.4560000002384186,
    0.4059999883174896
  ],
  "std": [
    0.2290000021457672,
    0.2240000069141388,
    0.22499999403953552
  ],
  "classes": [
    "bg",
    "lights",
    "cords"
  ]
}